context,question,answer
The user is working on a collaborative project using Weights & Biases Reports. They want to understand how sharing and editing permissions work within a team project and how to manage access to reports.,How can I control who can edit and share reports within a team project using Weights & Biases?,"To control who can edit and share reports within a team project in Weights & Biases, both the administrator and the member who created the report have the ability to toggle permissions between edit or view access for other team members. Shared reports are view-only. To share a report, select the **Share** button on the upper right-hand corner of the report. You can either provide an email account or copy the magic link for sharing. Users invited by email will need to log into Weights & Biases to view the report, whereas users given a magic link do not need to log in to view the report."
The user is collaborating on a W&B report within a team project and wants to understand how to manage permissions for editing and sharing the report among team members.,How can I control who can edit and share reports within a team project in Weights & Biases?,"To control who can edit and share reports within a team project in Weights & Biases, both the administrator and the member who created the report can toggle permissions between edit or view access for other team members. Additionally, shared reports within a team project are view-only by default. To grant access, select the **Share** button on the upper right-hand corner of the report and provide an email account or copy the magic link for sharing. Users invited via email will need to log into Weights & Biases to view the report, whereas users given a magic link can access the report without logging in."
The user is collaborating with a team on creating and sharing reports using Weights & Biases. They are working on a project and want to understand how to manage permissions for editing and sharing reports within their team effectively.,How can I control who can edit and share reports in a team project on Weights & Biases?,"To manage who can edit and share reports in a team project on Weights & Biases, both the administrator and the member who created the report can toggle permissions between edit or view access for other team members. Shared reports are view-only, and users can share reports by selecting the **Share** button on the upper right-hand corner of the report and either providing an email account or copying the magic link. It's important to note that users invited by email will need to log into Weights & Biases to view the report, while users who receive a magic link do not need to log in to view it."
The user is working on a collaborative project with multiple team members using Weights & Biases Reports. They are facing an issue regarding sharing and editing permissions for the reports within their team project.,I'm working on a team project using W&B Reports. How can I control who can edit and share the reports within our team project?,"To control who can edit and share reports within your team project on Weights & Biases, both the administrator and the member who created the report can toggle permissions between edit or view access for other team members. Shared reports are view-only. To share a report, select the **Share** button on the upper right-hand corner. You can either provide an email account or copy the magic link. Users invited by email will need to log into Weights & Biases to view the report. Users who are given a magic link do not need to log into Weights & Biases to view the report."
The user is collaborating with a team on a project using W&B reports. They want to know how permissions work for editing and sharing reports within a team project.,How can I control who can edit and share reports in a team project on Weights & Biases?,"To control who can edit and share reports in a team project on Weights & Biases, both the administrator and the member who created the report have the ability to toggle permissions between edit or view access for other team members. Team members can share reports by selecting the **Share** button on the upper right hand corner of the report. Users invited by email will need to log into Weights & Biases to view the report, while those given a magic link do not need to log in to view the report."
The user is working on versioning datasets using Weights & Biases (W&B). They want to know how to manage multiple datasets for different stages of their machine learning project.,How can I handle multiple datasets for different stages of my machine learning project using Weights & Biases?,"To manage multiple datasets for various stages of your machine learning project using Weights & Biases, you can create a separate artifact for each dataset. By tagging artifact versions with custom aliases, taking notes on changes, and storing metadata alongside each version, you can easily track and manage different datasets. This allows you to ensure that your team is working with the latest or stable versions of the data. You can find more information on versioning datasets in the W&B documentation [here →](https://docs.wandb.ai/datasets-and-predictions)."
The user is working on managing different versions of datasets using Weights & Biases (W&B). They want to understand how the versioning and artifact creation process works in W&B.,I have multiple versions of my dataset stored as artifacts in W&B. How can I create a new version of an artifact and ensure that the lineage and history of the previous changes are preserved?,"To create a new version of an artifact in W&B, you can follow these steps:
1. Re-run the artifact creation script with the necessary changes.
2. W&B will automatically detect the changes in the artifact and track the new version.
3. Tag the new artifact version with custom aliases, take notes on the changes made, and store metadata alongside the version. This ensures that the lineage and history of the previous changes are preserved.
By following this process, you can easily manage and track different versions of your datasets in W&B."
"The user is working on managing multiple datasets for different stages of their machine learning project. They want to ensure that each dataset version is properly tracked, annotated, and can be referenced in future experiments.",How can I track multiple versions of datasets for different stages of my machine learning project using Weights & Biases?,"To track multiple versions of datasets for different stages of your machine learning project in Weights & Biases, you can create separate artifacts for each dataset version. By using the `wandb.Artifact` class and logging each artifact with `run.log_artifact(artifact)`, you can ensure that changes to each dataset are captured and stored as new versions. Additionally, you can give your datasets custom names and annotate them with notes or key-value pair metadata to provide more context for each version. This way, you can accurately track and manage the evolution of your datasets throughout your project."
The user is working on a machine learning project where they are managing datasets using Weights & Biases (W&B). They want to understand how the versioning of artifacts works in W&B and how they can track changes in their datasets effectively.,I have multiple datasets that I am juggling for different tasks in my machine learning project. How can I ensure that I track the changes in each dataset effectively using Weights & Biases?,"To ensure you are effectively tracking changes in each of your datasets, you can save a different artifact for each dataset. By using the artifact creation script and logging the artifact in your run, W&B will automatically identify any changes in the dataset files and track the new versions accordingly. Additionally, you can give your datasets custom names, annotate them with notes or key-value pair metadata, and rely on W&B to automatically version them as you make modifications."
"The user is working on managing multiple datasets for different stages of their machine learning project. They want to ensure that each dataset version is tracked, annotated, and linked to specific experiments.",How can I differentiate and track multiple datasets for various stages of my machine learning project using Weights & Biases?,"To manage multiple datasets for different stages of your machine learning project, you can save a different artifact for each data type. By tagging artifact versions with custom aliases, taking notes on changes, storing metadata, and linking the datasets to specific experiment runs, you can ensure proper tracking and lineage. You can also use custom names and key-value pair metadata to annotate each dataset version, allowing your team to work with the latest or stable versions of the data. To learn more about this process, check out the beta of Datasets & Predictions through this [link →](https://docs.wandb.ai/datasets-and-predictions)."
The user is a beginner in using Weights & Biases (W&B) for logging and tracking machine learning experiments. They have successfully set up W&B in their Python script and are now looking for guidance on where to find the logged data within the W&B interface.,I just finished running my script with W&B integration. How can I locate the logged data from my experiment within the W&B interface?,"To find the logged data from your experiment, navigate to your W&B account and open the **launch-quickstart** project. Then, go to the jobs tab in the navigation bar to access the detailed information and metrics logged during the experiment."
The user is a data scientist who has just executed a script using Weights & Biases (W&B) for the first time to track their machine learning experiments. They are now looking to visualize and analyze the results of their run within W&B.,"I ran a script with W&B for the first time and received a ""comic-firebrand-342"" run ID. How can I view and analyze the results of this specific run in my W&B account?","To view and analyze the results of the ""comic-firebrand-342"" run in your W&B account, navigate to your **launch-quickstart** project in your W&B account and open the jobs tab from the navigation menu. From there, you can explore the detailed information and metrics logged during this specific run."
The user is a new W&B user who has successfully logged data for a training run using the Python API. They have navigated to their W&B dashboard and are now trying to locate specific information related to their job in the project.,I've logged data for my training run using W&B. How can I find and view information about my job within the project's jobs tab on the dashboard?,"To find information about your job within your project, navigate to your project in your W&B account and open the jobs tab from the navigation bar. This will allow you to view specific details and logs related to your job."
A user has successfully logged their training runs using Weights & Biases (W&B) and is now exploring their project in the W&B dashboard. They are curious about viewing specific details related to their jobs within the project.,How can I view information about individual jobs within my project on the Weights & Biases dashboard?,"Navigate to your project in your W&B account, then open the jobs tab from the navigation menu to access details about individual jobs within your project."
The user has successfully run a script using Weights & Biases (W&B) and is now curious about viewing their project in their W&B account.,I just ran a script using W&B and it completed successfully. How can I navigate to my project in my W&B account to view the results?,Navigate to your new **launch-quickstart** project in your W&B account and open the jobs tab from the navigation.
The user is training a PyTorch Lightning model using multiple GPUs and wants to integrate Weights & Biases (W&B) for experiment tracking.,I am training a PyTorch Lightning model using multiple GPUs. How can I ensure my training code is set up correctly with W&B integration to avoid issues with rank 0 process having access to the wandb.run object while non-zero rank processes do not?,"To ensure your training code with W&B integration works correctly with multiple GPUs in PyTorch Lightning, you should make your code independent of the `wandb.run` object. This is crucial because only rank 0 process has access to `wandb.run`, while non-zero rank processes have `None`, potentially causing issues. By designing your code to be independent of `wandb.run`, you can prevent deadlocks and crashes in your training process involving multiple GPUs."
The user is working on a project using PyTorch Lightning for training their model on multiple GPUs. They are facing potential issues related to the instantiation of GPUs and the usage of W&B in a multi-GPU setup.,I am training my model using PyTorch Lightning on multiple GPUs and integrating W&B for experiment tracking. How should I handle the `wandb.run` object instantiation to avoid potential issues with non-zero rank processes?,"To avoid potential issues with non-zero rank processes when training on multiple GPUs with PyTorch Lightning and WandB, ensure that your code is independent of the `wandb.run` object. Only the rank 0 process has access to `wandb.run`, while non-zero rank processes will have `wandb.run = None`. This could lead to crashes in non-zero rank processes. By making your code independent of `wandb.run`, you can prevent such issues and ensure smooth execution across all GPU ranks."
The user is working on a PyTorch Lightning project utilizing multiple GPUs and wants to ensure proper integration with Weights & Biases (W&B). They are concerned about potential issues that may arise when handling the `wandb.run` object in a multi-GPU setup.,I am using PyTorch Lightning with multiple GPUs and W&B. How should I handle the `wandb.run` object to avoid potential conflicts and crashes in non-zero rank processes?,"To prevent issues with non-zero rank processes when using PyTorch Lightning with W&B in a multi-GPU setup, it is crucial to ensure that your code is independent of the `wandb.run` object. This means that for non-zero rank processes, `wandb.run` will be set to `None`. By structuring your training code to be independent of `wandb.run`, you can avoid potential conflicts and crashes in your multi-GPU training setup."
The user is working on a PyTorch Lightning project with multi-GPU support and wants to integrate Weights & Biases (W&B) logging into their training process. They are aware that W&B logging should be handled carefully when using multiple GPUs to avoid potential issues.,I am training a PyTorch Lightning model using multiple GPUs and want to log image predictions with W&B. How can I ensure that W&B logging of image predictions works correctly when training with multiple GPUs?,"To ensure correct W&B logging of image predictions when training with multiple GPUs in PyTorch Lightning, you should use a callback like `LogPredictionSamplesCallback` to handle the logging. Inside the callback, you can log images with `WandbLogger.log_image` or log images and predictions as a W&B Table using `WandbLogger.log_table`. By incorporating these logging methods within the callback, you can ensure that the image predictions are correctly logged regardless of the number of GPUs used for training."
The user is using PyTorch Lightning for training neural networks with multiple GPUs and wants to incorporate Weights & Biases in their training process.,I'm training a model with PyTorch Lightning using multiple GPUs and I want to log sample image predictions to Weights & Biases during validation. How can I achieve this?,"To log sample image predictions during validation to Weights & Biases using PyTorch Lightning, you can utilize the `WandbLogger.log_image` method for logging images with captions or the `WandbLogger.log_table` method for logging images and predictions as a table. In the provided code snippet, you can see how to handle this logging process within the `LogPredictionSamplesCallback`."
The user is working on training multiple versions of a model for a machine learning project. They want to organize and keep track of these different model versions to compare their performance and select the best one for deployment.,"I've trained several versions of a model for my project, and I want to keep them organized for comparison. Can you explain the difference between a Model Artifact, a Model Version, and a Registered Model in Weights & Biases?","In Weights & Biases, a **Model Version** is an immutable directory of data representing a specific state of your trained model. It contains the model architecture and learned parameters. On the other hand, a **Model Artifact** is a sequence of Model Versions, often created during training when checkpoints are saved periodically. Model Artifacts can be aliased to create references for downstream usage. Lastly, a **Registered Model** is a collection of links to Model Versions, serving as a convenient way to organize and bookmark different versions of a model. Each ""version"" of a Registered Model is actually a link to a Model Version belonging to a Model Artifact of the same type."
"The user is working on training multiple versions of a model and wants to understand the concept of Model Artifacts, Model Versions, and Registered Models in Weights & Biases. They are looking to grasp how these elements are related and how they can use them to manage and track their model training process effectively.","I have been training various versions of my model and storing checkpoints during the process. Can you explain the difference between Model Artifacts, Model Versions, and Registered Models in Weights & Biases, and how they are interconnected in the context of model training?","In Weights & Biases, a **Model Version** is an immutable directory of data that stores your model architecture & learned parameters. It belongs to one Model Artifact and can belong to multiple Registered Models. A **Model Artifact** is a sequence of Model Versions where each version represents different checkpoints in your model training process. Using Model Artifacts, you can alias specific versions for easier reference. We also have **Registered Models,** which are collections of links to Model Versions. Each ""version"" of a Registered Model is actually a link to a Model Version in a Model Artifact. You can create a Registered Model for each use case or modeling task and use aliases to denote specific versions like ""production"" or ""baseline."""
"The user is working on tracking the performance of different models in a machine learning project and is interested in understanding the concept of Model Versions, Model Artifacts, and Registered Models within the Weights & Biases platform.","I have been training multiple models for a machine learning project and want to better understand the relationship between Model Versions, Model Artifacts, and Registered Models in Weights & Biases. Can you explain how these concepts are related and how they are used in the platform?","In Weights & Biases, a **Model Version** is an immutable directory of data representing a specific state of your trained model. A **Model Artifact** is a sequence of Model Versions, often tracking the progress of training or different model checkpoints. A **Registered Model** is a selection of linked Model Versions, representing candidate models for a specific use case or task. A Model Version belongs to one Model Artifact and can belong to multiple Registered Models. Typically, you create a Model Artifact for each individual model being trained and use aliases to reference specific versions. Registered Models act as folders of bookmarks to link to Model Versions. This allows for better organization and management of models across different use cases or tasks."
A user is working on training multiple versions of a model for a machine learning project and wants to manage and compare these different versions efficiently using Weights & Biases.,"I have trained multiple versions of a model for my project and I want to organize and compare them effectively in Weights & Biases. Can you explain the difference between a Model Artifact, Model Version, and Registered Model in W&B?","In Weights & Biases, a **Model Artifact** is a sequence of Model Versions. Each Model Version is an immutable directory of data, representing specific checkpoints or versions of your trained model. A Model Version belongs to one and only one Model Artifact. On the other hand, a **Registered Model** is a set of links to specific Model Versions. It acts as a collection of ""bookmarks"" to different versions of your model for easy access. You can think of Registered Models as folders containing links to Model Versions. Each Model Version can be linked to multiple Registered Models. It's common practice to use Registered Models to represent different versions of your model for distinct use cases or tasks."
The user is training multiple versions of a machine learning model and wants to manage and track these different model versions efficiently using Weights & Biases.,How can I organize and manage multiple versions of my machine learning models in Weights & Biases to track the progress of training and have easy access to different model versions?,"In Weights & Biases, you can achieve this by utilizing Model Artifacts and Registered Models. A **Model Artifact** is a sequence of Model Versions, each corresponding to a specific version or checkpoint of your model during training. On the other hand, a **Registered Model** is a collection of linked Model Versions, often representing all the candidate models for a single modeling use case or task. By creating a **Registered Model** for each of your modeling tasks and linking the relevant **Model Versions** to it, you can easily organize and manage different versions of your machine learning models in Weights & Biases."
The user is a data scientist who is setting up a hyperparameter sweep using Weights & Biases for training a machine learning model. They are struggling to understand how to specify the search space for the sweep configuration.,I'm setting up a hyperparameter sweep in Weights & Biases for my training code. How can I define the search space for the sweep configuration?,"To define the search space for your hyperparameter sweep configuration in Weights & Biases, you need to specify the hyperparameters you want to sweep over within a dictionary. In this dictionary, you can set the maximum and minimum values for numerical parameters or provide a list of values to sweep over for categorical parameters. Additionally, you can specify the optimization goal (minimize or maximize) for the metric you are tracking."
The user is setting up a hyperparameter sweep using Weights & Biases (W&B) to optimize a machine learning model in their Python code.,I'm setting up a hyperparameter sweep in my Python code using Weights & Biases. How can I define the search space for the sweep configuration?,"To define the search space for your hyperparameter sweep configuration in Weights & Biases, you need to specify the hyperparameters you want to sweep over within a dictionary. Each hyperparameter should have its range or values defined. For example, you can define the search space like this:
```python
sweep_configuration = {
    'method': 'random',
    'metric': {'goal': 'minimize', 'name': 'score'},
    'parameters': 
    {
        'x': {'max': 0.1, 'min': 0.01},
        'y': {'values': [1, 3, 7]},
     }
}
```
In this configuration, 'x' has a range between 0.01 and 0.1, and 'y' has specific values of 1, 3, and 7."
The user is setting up a hyperparameter optimization sweep using Weights & Biases for their machine learning model. They have defined the search space and are about to start the sweep using the provided code snippets.,"I defined my hyperparameter search space for a sweep in Weights & Biases, specifying the method, metric goal, and parameters. How can I start the sweep with this configuration?","To start the sweep with your defined hyperparameter search space configuration in Weights & Biases, you can use the `wandb.sweep()` function passing your sweep configuration and specify the project where the sweep results will be stored. Subsequently, you can run the sweep agent using `wandb.agent()`. Here is an example code snippet:
```python
sweep_id = wandb.sweep(sweep=sweep_configuration, project='my-first-sweep')
wandb.agent(sweep_id, function=main, count=10)
```"
The user is setting up a hyperparameter sweep using Weights & Biases (W&B) to optimize their model's performance by iterating over different hyperparameter values.,I'm defining a sweep configuration for my hyperparameter optimization in W&B. How can I specify the range for a continuous hyperparameter like 'x' and provide specific values for a categorical hyperparameter like 'y'?,"To define the search space for your hyperparameters in a sweep configuration in W&B, you can specify the range for a continuous hyperparameter like 'x' using 'max' and 'min' keys, and provide specific values for a categorical hyperparameter like 'y' using the 'values' key. For example, you can set 'x' to have a range between 0.01 and 0.1 with:
```python
'x': {'max': 0.1, 'min': 0.01}
```
And set 'y' to have specific values like 1, 3, and 7 with:
```python
'y': {'values': [1, 3, 7]}
```"
The user is setting up a hyperparameter sweep using Weights & Biases (W&B) for the first time and wants to ensure that the sweep configuration is correctly defined to optimize a specific metric during the sweep process.,"I'm new to using W&B for hyperparameter sweeps. How can I define a sweep configuration that will minimize a custom metric named 'score' by randomly selecting values for parameters 'x' and 'y' from specified ranges and a list of values, respectively?","To define a sweep configuration for minimizing a custom metric named 'score' while randomly selecting parameter values, you can use the following code snippet:"
The user is working on logging data tables in Weights & Biases (W&B) to visualize and query data for their project. They might be interested in comparing data tables across different model versions and utilizing the features provided by W&B to explore and evaluate model results.,How can I compare sample tables from multiple W&B runs and evaluate the results in my project workspace?,"To compare sample tables from multiple W&B runs, you can log the tables using `run.log()` with unique keys for each table. In your project workspace, navigate to the W&B App and select the name of your Run to view the tables. You can combine rows from multiple different versions in the same table and use the filter, sort, and grouping features to explore and evaluate model results. For more details, refer to the documentation section on comparing across model versions."
The user is exploring the functionality of logging data tables with Weights & Biases (W&B). They have successfully logged a table and visualized it in the workspace but now want to understand how to compare the data across multiple model versions.,"I have logged tables from multiple W&B runs, how can I compare the results across different model versions in the project workspace?","To compare tables from multiple W&B runs and across different model versions in the project workspace, you can log sample tables from each run and navigate to the W&B App. By selecting the name of your Run in your Project workspace and adding a new panel for each unique table key, you can compare the results visually. You can use the table filter, sort, and grouping features to explore and evaluate model results across different versions."
"The user is exploring how to log and visualize data tables using Weights & Biases in their machine learning projects. They want to understand the process of logging a table, visualizing it in their workspace, and potentially comparing tables across different model versions.","I have logged a table using Weights & Biases, but how can I view and compare tables across different model versions in my project workspace?","To compare tables across different model versions in your project workspace using Weights & Biases, you can log sample tables from multiple W&B Runs. After logging the tables, you can navigate to the W&B App, select the name of your Run in your Project workspace, and view the resulting table. In the project workspace, you can combine rows from multiple different versions in the same table and use the table filter, sort, and grouping features to explore and evaluate model results."
"The user is working on logging and visualizing data tables using Weights & Biases (W&B) for their machine learning projects. They are interested in creating tables, logging them, and efficiently comparing results across different model versions.",I have multiple W&B runs with tables logged. How can I compare the tables across different model versions in my project workspace? Can I combine rows from different versions in the same table for easy comparison?,"To compare tables across different model versions in your project workspace, you can log sample tables from multiple W&B runs and combine the results. Navigate to the W&B App, select the name of your Run in your Project workspace, and view the tables in the new panel added for each unique table key. In the provided [example workspace](https://wandb.ai/carey/table-test?workspace=user-carey), it demonstrates how to combine rows from multiple different versions in the same table for efficient comparison. Use the table filter, sort, and grouping features to explore and evaluate model results."
The user is exploring how to log and visualize data tables using Weights & Biases (W&B) as part of their machine learning experiments. They are likely interested in tracking and comparing data tables across different model versions.,I have logged a table using W&B for my machine learning project. How can I view and compare this table across different model versions in the project workspace?,"To view and compare tables across different model versions in the project workspace using W&B, you can log sample tables from multiple runs and then navigate to the W&B App. Select the name of your Run in your Project workspace to view the resulting table. By logging tables with unique keys from different versions, you can compare and evaluate the results using the visualization panel in the W&B App."
The user is working with multiple runs in their project and wants to know how to add and remove tags in bulk using the Weights & Biases UI. They are looking for a way to efficiently manage tags for a large number of runs.,How can I remove tags from multiple runs at once in Weights & Biases using the UI?,"To remove tags from multiple runs at once in Weights & Biases using the UI, you can follow these steps:
1. In the Project Page, click the table icon in the upper-right to expand the sidebar into the full runs table.
2. Hover over a run to see a checkbox on the left or look for a checkbox in the header row to select all runs.
3. Click the checkbox to enable bulk actions and select the runs from which you'd like to remove tags.
4. Click the Tag button above the rows of runs.
5. Finally, click the checkbox next to a tag to remove it from the selected runs."
The user is working on a machine learning project and has been using Weights & Biases to track their runs and experiments. They have applied tags to multiple runs for organization but now need to remove tags from specific runs using the Weights & Biases UI.,How can I remove tags from specific runs using the Weights & Biases UI?,"To remove tags from specific runs using the Weights & Biases UI, you can follow these steps:
1. In the runs sidebar of the Project Page, click the table icon in the upper-right to expand the sidebar into the full runs table.
2. Hover over a run in the table to see a checkbox on the left or look in the header row for a checkbox that will allow you to select all runs.
3. Click the checkbox next to the specific run(s) from which you'd like to remove tags.
4. Click the Tag button above the rows of runs.
5. Click the checkbox next to the tag you want to remove from the selected run(s)."
The user seems to be exploring the functionality of adding and removing tags to runs within W&B. They have referred to the documentation for adding tags and now want to know how to remove tags from multiple runs efficiently.,How can I remove tags from multiple runs at once in Weights & Biases?,"To remove tags from multiple runs in Weights & Biases, you can follow these steps:
1. In the runs sidebar of the Project Page, click the table icon in the upper-right corner to expand the sidebar into the full runs table.
2. Hover over a run in the table to see a checkbox on the left or locate the checkbox in the header row to select all runs.
3. Click the checkbox to enable bulk actions. Select the runs from which you want to remove the tag(s).
4. Click the Tag button above the rows of runs.
5. Click the checkbox next to the tag you want to remove from the selected runs."
The user is working on a machine learning project using Weights & Biases to track their experiments. They have added tags to runs but now need to remove tags from multiple runs at once.,How can I remove tags from multiple runs at once in Weights & Biases?,"In the [runs sidebar](../pages/project-page.md#search-for-runs) of the [Project Page](../pages/project-page.md), click the table icon in the upper-right. Hover over a run to see a checkbox on the left or check the header row checkbox to select all runs. Enable bulk actions by clicking the checkboxes and select the runs from which you'd like to remove tags. Then, click the Tag button above the rows of runs and click the checkbox next to a tag to remove it from the selected runs."
"The user is exploring how to manage tags associated with their runs in the W&B interface. They want to understand how to add and remove tags efficiently, either for individual runs or in bulk.",How can I remove tags from multiple runs at once in Weights & Biases?,"To remove tags from multiple runs simultaneously in Weights & Biases, you can follow these steps:
1. Go to the runs sidebar of the Project Page and click on the table icon in the upper-right corner to expand the runs table.
2. Hover over a run in the table to reveal a checkbox on the left or look for a checkbox in the header row to select all runs.
3. Once the checkboxes are enabled, select the runs from which you want to remove your tag(s).
4. Click the ""Tag"" button located above the rows of runs.
5. Finally, click on the checkbox next to the tag you wish to remove from the selected runs."
The user is a team admin on a Weights & Biases workspace and is looking to understand the permissions related to artifacts within their team. They want to know what actions team members and team admins can perform with artifacts.,What permissions do team members and team admins have regarding artifacts on Weights & Biases within a team?,"In a Weights & Biases workspace, team members and team admins have the following permissions related to artifacts:
- View artifacts: Team members and team admins can view artifacts.
- Create artifacts: Only team members and team admins can create artifacts.
- Delete artifacts: Team members and team admins can delete artifacts.
- Edit metadata: Only team members and team admins can edit metadata of artifacts.
- Edit aliases: Only team members and team admins can edit aliases of artifacts.
- Delete aliases: Only team members and team admins can delete aliases of artifacts.
- Download artifact: Only team members and team admins can download artifacts."
"A user is exploring the permissions and access control settings within their Weights & Biases workspace. They want to understand the different levels of access granted to team members and how it applies to different features like reports, experiments, artifacts, and system settings.","How can I control access to reports, experiments, artifacts, and system settings in Weights & Biases based on user roles?","To control access to various features in Weights & Biases based on user roles, you can refer to the permissions table provided by W&B. For example, for reports, team members can view and create reports, while team admins can also edit and delete them. Similarly, in experiments, all team members can view experiment metadata and log experiments, whereas only team admins can delete or stop experiments. The permissions for artifacts allow team members to view, create, delete, and edit metadata and aliases, with download capabilities. Lastly, system settings are accessible by system admins who have control over managing members, teams, system settings, and user activity."
A user is exploring the permissions and functionalities available on Weights & Biases related to managing artifacts within a team. They are likely interested in understanding what actions can be performed by different team roles and how they can interact with artifacts efficiently.,"How can I manage artifacts within my team on Weights & Biases, specifically regarding creating, editing, and deleting them?","To manage artifacts within your team on Weights & Biases, the following permissions apply:"
"A user is exploring the permissions and capabilities within Weights & Biases for managing reports, experiments, artifacts, and system settings for a team. They want to understand who has access to create, edit, view, or delete these entities within the platform.",How can I control permissions for creating and editing artifacts in Weights & Biases as a Team Admin?,"In Weights & Biases, as a Team Admin, you have the permission to create artifacts, view artifacts, and delete artifacts. Additionally, you can edit metadata, edit aliases, and delete aliases for artifacts within your team."
"The user is exploring the permissions and access control settings within Weights & Biases for different functionalities such as reports, experiments, artifacts, and system settings to understand what actions can be performed by different team roles.",How can I control access to creating artifacts within Weights & Biases based on user roles?,"In Weights & Biases, access to creating artifacts can be controlled based on user roles. Team Members and Team Admins have the permission to create artifacts. View-Only users do not have the permission to create artifacts. Only Team Members and Team Admins can create artifacts, while View-Only users can only view them."
The user is working on tracking datasets in their machine learning projects using Weights & Biases. They want to ensure that they can version their datasets properly so that they can track changes and refer to specific dataset iterations during model training.,How can I ensure that I can track different versions of datasets in Weights & Biases? What is the recommended practice for versioning datasets?,"To ensure you can track different versions of datasets in Weights & Biases, it is recommended to enable 'Object Versioning' on your Amazon S3 or GCS buckets if you overwrite files as part of your workflow. With versioning enabled on your buckets, artifacts with references to files that have been overwritten will still be intact because the older object versions are retained. This allows you to point to the exact iteration of your data a given model was trained on since the artifact serves as a snapshot of your bucket at the time of training."
The user is working on tracking and versioning datasets within their machine learning workflow using Weights & Biases (W&B). They are interested in understanding how W&B handles versioning datasets and the best practices around it.,"I want to ensure that I can track the exact iteration of my data that a given model was trained on. How does Weights & Biases handle versioning datasets when downloading a reference artifact, especially if my bucket has object versioning enabled?","When downloading a reference artifact in Weights & Biases, the platform uses the metadata recorded when the artifact was logged to retrieve the files from the underlying bucket. If your bucket has object versioning enabled, W&B will retrieve the object version corresponding to the state of the file at the time an artifact was logged. This allows you to point to the exact iteration of your data used for training, even as you update the contents of your bucket. For best practices, it's recommended to enable 'Object Versioning' on your Amazon S3 or GCS buckets if you overwrite files in your workflow. Object versioning ensures that artifacts with references to overwritten files remain intact as older object versions are retained."
The user is working on tracking datasets in Amazon S3 or Google Cloud Storage (GCS) using Weights & Biases (W&B). They want to ensure that they can version their datasets effectively and track the exact iteration of the data used for model training.,How can I track and version datasets stored in Amazon S3 or GCS using Weights & Biases? Can I ensure that I can point to the exact data version used for training my models?,"To track and version datasets in Amazon S3 or GCS with Weights & Biases, you can use artifacts to reference your datasets. By adding references to your datasets stored in S3 or GCS, you can create snapshots of your data at the time of training. Enabling 'Object Versioning' on your S3 or GCS buckets is recommended for accurate tracking. Here's a code snippet demonstrating how to track a dataset in Amazon S3 or GCS:
```python
import wandb"
The user is working on tracking datasets in Weights & Biases (W&B) and is interested in understanding how W&B handles dataset versioning and retrieval.,"How does Weights & Biases handle file retrieval for reference artifacts, especially when object versioning is enabled in the bucket?","When downloading a reference artifact in Weights & Biases, the system retrieves the files from the underlying bucket based on the metadata recorded at the time the artifact was logged. If object versioning is enabled in the bucket, W&B retrieves the object version corresponding to the state of the file at the time the artifact was logged. This ensures that even as the contents of your bucket evolve, you can still reference the exact iteration of your data that a model was trained on, as the artifact serves as a snapshot of your data at the time of training."
"The user is working on tracking datasets with Weights & Biases and wants to understand how artifact references work, specifically in relation to object versioning in their Amazon S3 or GCS bucket.",I'm trying to understand how Weights & Biases handles object versioning when downloading a reference artifact from Amazon S3 or GCS. Can you explain how W&B ensures the artifact corresponds to the exact iteration of data at training time?,"To ensure that the reference artifact corresponds to the exact iteration of data at training time, Weights & Biases leverages the metadata recorded when the artifact was logged. When downloading a reference artifact from your Amazon S3 or GCS bucket, W&B retrieves the object version that aligns with the state of the file at the time the artifact was logged. This allows you to pinpoint the precise data version used during training, even as you update the contents of your bucket. It's recommended to enable 'Object Versioning' on your Amazon S3 or GCS buckets to maintain the integrity of artifacts referencing overwritten files."
The user is exploring custom chart visualizations in Weights & Biases to analyze and visualize data logged during their machine learning experiments. They are customizing a composite histogram panel using Vega specifications and querying data from their W&B logs.,I'm trying to create a custom composite histogram panel in Weights & Biases using Vega specifications. How can I modify the query to load the correct data from my wandb logs?,"To modify the query in the right-hand side to load the correct data from your wandb logs for the custom composite histogram panel, add the field “summaryTable” and set the corresponding “tableKey” to “class\_scores” to fetch the wandb.Table logged by your run. This will allow you to populate the two histogram bin sets (“red\_bins” and “blue\_bins”) via the dropdown menus with the columns of the wandb.Table logged as “class\_scores”. For example, you can choose specific columns like “animal” class prediction scores for the red bins and “plant” for the blue bins."
The user seems to be exploring custom visualizations using Weights & Biases (W&B) and is trying to create a custom composite histogram panel using Vega specifications. They want to modify the Vega spec to display a customized histogram based on data logged in WandB.,I'm trying to create a custom composite histogram panel in W&B using Vega specifications. How can I modify the query to load data from my wandb logs and populate the histogram bins with specific columns?,"To modify the query to load data from your wandb logs and populate the histogram bins with specific columns, you need to add the field “summaryTable” and set the corresponding “tableKey” to “class_scores” in the right-hand side query. This will fetch the wandb.Table logged by your run for customization. You can then populate the two histogram bin sets (“red_bins” and “blue_bins”) via the dropdown menus with the columns of the wandb.Table logged as “class_scores”."
The user is exploring custom visualization options with Weights & Biases (W&B) to better understand the performance of their machine learning models. They are interested in creating a custom composite histogram panel using the data logged in their W&B runs.,"Hey there, I'm trying to create a custom composite histogram panel in Weights & Biases (W&B) to visualize my model's performance. How can I modify the Vega spec and query to load the correct data from my W&B logs?","To create a custom composite histogram panel in Weights & Biases (W&B):
1. Create a new Custom Chart panel in your Workspace or Report.
2. Replace the built-in Vega spec with the provided Vega code for a composite histogram.
3. Modify the query to load the correct data from your W&B logs by adding the field “summaryTable” and setting the “tableKey” to fetch the wandb.Table logged by your run.
4. Customize the Vega spec and query until you're satisfied with the plot, then save it for future use."
The user is trying to create a custom composite histogram panel in W&B to visualize data from their training runs. They want to modify the Vega spec and query to customize the appearance of the histogram and load the data from their wandb logs correctly.,I want to create a custom composite histogram panel in W&B to visualize data from my training runs. How can I modify the Vega spec and query to customize the appearance of the histogram and load the data correctly?,"To create a custom composite histogram panel in W&B, follow these steps:
1. Create a new Custom Chart panel in your Workspace or Report.
2. Replace the built-in Vega spec with a custom Vega spec for a composite histogram.
3. Modify the query to load the correct data from your wandb logs by adding the field ""summaryTable"" and setting the ""tableKey"" to fetch the wandb.Table logged by your run.
4. Make necessary modifications to the Vega spec and query until you are satisfied with the plot, then save it and apply it from the panel library."
The user is customizing visualizations in W&B to analyze their training results. They have created a custom composite histogram panel using Vega spec and wandb logs data.,"I modified my custom composite histogram panel in W&B using Vega spec and wandb logs data. How can I ensure that the two histogram bin sets in the panel (""red_bins"" and ""blue_bins"") are populated correctly with the columns of the wandb.Table logged as ""class_scores""?","To populate the two histogram bin sets (""red_bins"" and ""blue_bins"") in your custom composite histogram panel with the columns of the wandb.Table logged as ""class_scores"", you need to add the field ""summaryTable"" in the query on the right-hand side and set the corresponding ""tableKey"" to ""class_scores"". This will fetch the wandb.Table logged by your run, allowing you to select the columns for the histograms."
